DROP TABLE IF EXISTS tractocamion CASCADE;
CREATE TABLE tractocamion(
	origen VARCHAR(80) PRIMARY KEY UNIQUE,
	ARMENIA DOUBLE PRECISION UNIQUE,
	BARRANQUILLA DOUBLE PRECISION UNIQUE,
	BOGOTA DOUBLE PRECISION UNIQUE,
	BUCARAMANGA DOUBLE PRECISION UNIQUE,
	BUENAVENTURA DOUBLE PRECISION UNIQUE,
	CALI DOUBLE PRECISION UNIQUE,
	CARTAGENA DOUBLE PRECISION UNIQUE,
	CUCUTA DOUBLE PRECISION UNIQUE,
	DUITAMA DOUBLE PRECISION UNIQUE,
	IBAGUE DOUBLE PRECISION UNIQUE,
	IPIALES DOUBLE PRECISION UNIQUE,
	MANIZALES DOUBLE PRECISION UNIQUE, 
	MEDELLIN DOUBLE PRECISION UNIQUE,
	NEIVA DOUBLE PRECISION UNIQUE,
	PASTO DOUBLE PRECISION UNIQUE,
	PEREIRA DOUBLE PRECISION UNIQUE,
	POPAYAN DOUBLE PRECISION UNIQUE,
	SANTAMARTA DOUBLE PRECISION UNIQUE,
	TUMACO DOUBLE PRECISION UNIQUE,
	VILLAVICENCIO DOUBLE PRECISION UNIQUE,
	YOPAL DOUBLE PRECISION UNIQUE
);

INSERT INTO tractocamion(
    origen,
	ARMENIA,
	BARRANQUILLA,
	BOGOTA,
	BUCARAMANGA,
	BUENAVENTURA,
	CALI,
	CARTAGENA,
	CUCUTA,
	DUITAMA,
	IBAGUE,
	IPIALES,
	MANIZALES,
	MEDELLIN,
	NEIVA,
	PASTO,
	PEREIRA,
	POPAYAN,
	SANTAMARTA,
	TUMACO,
	VILLAVICENCIO,
	YOPAL
) VALUES (
    'ARMENIA', 0 , 138559 , 48376 , 85541 , 34963 , 23816 , 133969 , 121775 , 87322 , 14964 , 103666 , 15268 , 50239 , 42928 , 87601 , 6368 , 45578 , 137377 , 132084 , 73189 , 104334
);

INSERT INTO tractocamion(
    origen, ARMENIA, BARRANQUILLA, BOGOTA, BUCARAMANGA, BUENAVENTURA, CALI, CARTAGENA, CUCUTA, DUITAMA, IBAGUE, IPIALES, MANIZALES, MEDELLIN, NEIVA, PASTO, PEREIRA, POPAYAN, SANTAMARTA, TUMACO, VILLAVICENCIO, YOPAL)
VALUES ('BARRANQUILLA',138559 , 0 , 128848 , 77927 , 168167 , 157028 , 13322 , 90308 , 134879 , 134388 , 235223 , 122329 , 95683 , 156711 , 220604 , 126605 , 176652 , 11317 , 261423 , 154334 , 158151);      

INSERT INTO tractocamion(
    origen, ARMENIA, BARRANQUILLA, BOGOTA, BUCARAMANGA, BUENAVENTURA, CALI, CARTAGENA, CUCUTA, DUITAMA, IBAGUE, IPIALES, MANIZALES, MEDELLIN, NEIVA, PASTO, PEREIRA, POPAYAN, SANTAMARTA, TUMACO, VILLAVICENCIO, YOPAL)
VALUES ('BOGOTA',48376 , 129789 , 0 , 53993 , 83868 , 72543 , 129425 , 88567 , 34066 , 29609 , 151442 , 46693 , 60039 , 44419 , 136715 , 52128 , 93317 , 122767 , 182458 , 20045 , 57175);

INSERT INTO tractocamion(
    origen, ARMENIA, BARRANQUILLA, BOGOTA, BUCARAMANGA, BUENAVENTURA, CALI, CARTAGENA, CUCUTA, DUITAMA, IBAGUE, IPIALES, MANIZALES, MEDELLIN, NEIVA, PASTO, PEREIRA, POPAYAN, SANTAMARTA, TUMACO, VILLAVICENCIO, YOPAL)
VALUES ('BUCARAMANGA',85541 , 77927 , 52711 , 0, 123894 , 111005 , 82806 , 32461 , 55683 , 69567 , 192587 , 74544 , 65629 , 102746 , 177876 , 81343 , 124417 , 67796 , 209873 , 81195 , 80227);

INSERT INTO tractocamion(
    origen, ARMENIA, BARRANQUILLA, BOGOTA, BUCARAMANGA, BUENAVENTURA, CALI, CARTAGENA, CUCUTA, DUITAMA, IBAGUE, IPIALES, MANIZALES, MEDELLIN, NEIVA, PASTO, PEREIRA, POPAYAN, SANTAMARTA, TUMACO, VILLAVICENCIO, YOPAL)
VALUES ('BUENAVENTURA',34963 , 168915 , 83868 , 123894 , 0, 24097 , 159238 , 157265 , 122818 , 50633 , 104389 , 48582 , 78008 , 79569 , 89759 , 38056 , 44406 , 171533 , 134073 , 108568 , 144990 );

INSERT INTO tractocamion(
    origen, ARMENIA, BARRANQUILLA, BOGOTA, BUCARAMANGA, BUENAVENTURA, CALI, CARTAGENA, CUCUTA, DUITAMA, IBAGUE, IPIALES, MANIZALES, MEDELLIN, NEIVA, PASTO, PEREIRA, POPAYAN, SANTAMARTA, TUMACO, VILLAVICENCIO, YOPAL)
VALUES ('CALI',23816 , 157028 , 72543 , 111005 , 24097 , 0 , 152378 , 145731 , 113005 , 39592 , 77931 , 37416 , 67133 , 49914 , 63279 , 27035 , 15964 , 159369 , 105454 , 97368 , 127728);

INSERT INTO tractocamion(
    origen, ARMENIA, BARRANQUILLA, BOGOTA, BUCARAMANGA, BUENAVENTURA, CALI, CARTAGENA, CUCUTA, DUITAMA, IBAGUE, IPIALES, MANIZALES, MEDELLIN, NEIVA, PASTO, PEREIRA, POPAYAN, SANTAMARTA, TUMACO, VILLAVICENCIO, YOPAL)
VALUES ('CARTAGENA',133969 , 13322 , 128484 , 82806 , 159238 , 152378 , 0 , 91088 , 136467 , 127524 , 230637 , 117699 , 91046 , 150025 , 216014 , 121930 , 174078 , 25790 , 266711 , 153126 , 151009);        

INSERT INTO tractocamion(
    origen, ARMENIA, BARRANQUILLA, BOGOTA, BUCARAMANGA, BUENAVENTURA, CALI, CARTAGENA, CUCUTA, DUITAMA, IBAGUE, IPIALES, MANIZALES, MEDELLIN, NEIVA, PASTO, PEREIRA, POPAYAN, SANTAMARTA, TUMACO, VILLAVICENCIO, YOPAL)
VALUES ('CUCUTA',121775 , 86407 , 87285 , 32461 , 157265 , 145731 , 91088 , 0 , 87785 , 104746 , 226505 , 110171 , 91241 , 137546 , 211809 , 116167 , 156506 , 79336 , 244618 , 115671 , 114244);

INSERT INTO tractocamion(
    origen, ARMENIA, BARRANQUILLA, BOGOTA, BUCARAMANGA, BUENAVENTURA, CALI, CARTAGENA, CUCUTA, DUITAMA, IBAGUE, IPIALES, MANIZALES, MEDELLIN, NEIVA, PASTO, PEREIRA, POPAYAN, SANTAMARTA, TUMACO, VILLAVICENCIO, YOPAL)
VALUES ('DUITAMA',6948 , 134879 , 24219 , 55683 , 122444 , 112631 , 135559 , 87785 , 0 , 61301 , 183899 , 75538 , 86102 , 85765 , 164694 , 83017 , 124081 , 124639 , 207493 , 52382 , 24742);

INSERT INTO tractocamion(
    origen, ARMENIA, BARRANQUILLA, BOGOTA, BUCARAMANGA, BUENAVENTURA, CALI, CARTAGENA, CUCUTA, DUITAMA, IBAGUE, IPIALES, MANIZALES, MEDELLIN, NEIVA, PASTO, PEREIRA, POPAYAN, SANTAMARTA, TUMACO, VILLAVICENCIO, YOPAL)
VALUES ('IBAGUE',14964 , 137313 , 29609 , 69567 , 50633 , 39592 , 130442 , 104746 , 61675 , 0 , 118242 , 30992 , 64450 , 24667 , 103577 , 22218 , 57499 , 118222 , 148084 , 54312 , 90580);

INSERT INTO tractocamion(
    origen, ARMENIA, BARRANQUILLA, BOGOTA, BUCARAMANGA, BUENAVENTURA, CALI, CARTAGENA, CUCUTA, DUITAMA, IBAGUE, IPIALES, MANIZALES, MEDELLIN, NEIVA, PASTO, PEREIRA, POPAYAN, SANTAMARTA, TUMACO, VILLAVICENCIO, YOPAL)
VALUES ('IPIALES',103666 , 240043 , 151442 , 192587 , 104389 , 77931 , 230637 , 226505 , 184273 , 118242 , 0 , 118841 , 145666 , 89188 , 13742 , 105319 , 49692 , 245448 , 31094 , 176218 , 212646);

INSERT INTO tractocamion(
    origen, ARMENIA, BARRANQUILLA, BOGOTA, BUCARAMANGA, BUENAVENTURA, CALI, CARTAGENA, CUCUTA, DUITAMA, IBAGUE, IPIALES, MANIZALES, MEDELLIN, NEIVA, PASTO, PEREIRA, POPAYAN, SANTAMARTA, TUMACO, VILLAVICENCIO, YOPAL)
VALUES ('MANIZALES',15268 , 122329 , 45753 , 74544 , 48582 , 37416 , 117699 , 110171 , 74972 , 30992 , 118841 , 0 , 32354 , 60825 , 104433 , 8365 , 60595 , 121729 , 146897 , 58157 , 102574);

INSERT INTO tractocamion(
    origen, ARMENIA, BARRANQUILLA, BOGOTA, BUCARAMANGA, BUENAVENTURA, CALI, CARTAGENA, CUCUTA, DUITAMA, IBAGUE, IPIALES, MANIZALES, MEDELLIN, NEIVA, PASTO, PEREIRA, POPAYAN, SANTAMARTA, TUMACO, VILLAVICENCIO, YOPAL)
VALUES ('MEDELLIN',50239 , 95683 , 59099 , 65629 , 78008 , 67133 , 91046 , 91241 , 85535 , 64450 , 145666 , 32354 , 0 , 74623 , 131033 , 35890 , 89258 , 111721 , 181540 , 83082 , 116201);

INSERT INTO tractocamion(
    origen, ARMENIA, BARRANQUILLA, BOGOTA, BUCARAMANGA, BUENAVENTURA, CALI, CARTAGENA, CUCUTA, DUITAMA, IBAGUE, IPIALES, MANIZALES, MEDELLIN, NEIVA, PASTO, PEREIRA, POPAYAN, SANTAMARTA, TUMACO, VILLAVICENCIO, YOPAL)
VALUES ('NEIVA',42928 , 156711 , 44419 , 104029 , 79569 , 49914 , 150025 , 138829 , 86139 , 24667 , 89188 , 60825 , 74623 , 0 , 75183 , 49810 , 36216 , 142748 , 126179 , 69166 , 105291);

INSERT INTO tractocamion(
    origen, ARMENIA, BARRANQUILLA, BOGOTA, BUCARAMANGA, BUENAVENTURA, CALI, CARTAGENA, CUCUTA, DUITAMA, IBAGUE, IPIALES, MANIZALES, MEDELLIN, NEIVA, PASTO, PEREIRA, POPAYAN, SANTAMARTA, TUMACO, VILLAVICENCIO, YOPAL)
VALUES ('PASTO',87601 , 220604 , 136715 , 177876 , 89759 , 63279 , 216014 , 211809 , 165068 , 103577 , 13742 , 104433 , 131033 , 75183 , 0 , 90657 , 35089 , 230816 , 43690 , 161519 , 197872);

INSERT INTO tractocamion(
    origen, ARMENIA, BARRANQUILLA, BOGOTA, BUCARAMANGA, BUENAVENTURA, CALI, CARTAGENA, CUCUTA, DUITAMA, IBAGUE, IPIALES, MANIZALES, MEDELLIN, NEIVA, PASTO, PEREIRA, POPAYAN, SANTAMARTA, TUMACO, VILLAVICENCIO, YOPAL)
VALUES ('PEREIRA',6368 , 126605 , 51188 , 81343 , 38056 , 27035 , 121930 , 116167 , 82450 , 22218 , 105319 , 8365 , 35890 , 49810 , 90657 , 0 , 50185 , 131011 , 132739 , 75525 , 102884);

INSERT INTO tractocamion(
    origen, ARMENIA, BARRANQUILLA, BOGOTA, BUCARAMANGA, BUENAVENTURA, CALI, CARTAGENA, CUCUTA, DUITAMA, IBAGUE, IPIALES, MANIZALES, MEDELLIN, NEIVA, PASTO, PEREIRA, POPAYAN, SANTAMARTA, TUMACO, VILLAVICENCIO, YOPAL)
VALUES ('POPAYAN',45578 , 176652 , 93317 , 124417 , 44406 , 15964 , 174078 , 156506 , 124455 , 57499 , 49692 , 60595 , 89258 , 36216 , 35089 , 50185 , 0 , 195332 , 84794 , 120331 , 152692);

INSERT INTO tractocamion(
    origen, ARMENIA, BARRANQUILLA, BOGOTA, BUCARAMANGA, BUENAVENTURA, CALI, CARTAGENA, CUCUTA, DUITAMA, IBAGUE, IPIALES, MANIZALES, MEDELLIN, NEIVA, PASTO, PEREIRA, POPAYAN, SANTAMARTA, TUMACO, VILLAVICENCIO, YOPAL)
VALUES ('SANTAMARTA',137377 , 11317 , 121827 , 67796 , 171533 , 159369 , 25790 , 79336 , 124639 , 117125 , 244351 , 120632 , 111721 , 142748 , 229680 , 131011 , 191710 , 0 , 281318 , 147324 , 151010);      

INSERT INTO tractocamion(
    origen, ARMENIA, BARRANQUILLA, BOGOTA, BUCARAMANGA, BUENAVENTURA, CALI, CARTAGENA, CUCUTA, DUITAMA, IBAGUE, IPIALES, MANIZALES, MEDELLIN, NEIVA, PASTO, PEREIRA, POPAYAN, SANTAMARTA, TUMACO, VILLAVICENCIO, YOPAL)
VALUES ('TUMACO',132084 , 261423 , 182458 , 209873 , 134073 , 105454 , 266711 , 244618 , 207867 , 148084 , 31094 , 146897 , 181540 , 126179 , 43690 , 132739 , 84794 , 281318 , 0 , 212432 , 248919 );        

INSERT INTO tractocamion(
    origen, ARMENIA, BARRANQUILLA, BOGOTA, BUCARAMANGA, BUENAVENTURA, CALI, CARTAGENA, CUCUTA, DUITAMA, IBAGUE, IPIALES, MANIZALES, MEDELLIN, NEIVA, PASTO, PEREIRA, POPAYAN, SANTAMARTA, TUMACO, VILLAVICENCIO, YOPAL)
VALUES ('VILLAVICENCIO',73189 , 155274 , 20045 , 82478 , 108568 , 97368 , 154066 , 116953 , 52756 , 54312 , 176218 , 59098 , 84023 , 69166 , 161519 , 76465 , 120331 , 148265 , 212432 , 0 , 29438);

INSERT INTO tractocamion(
    origen, ARMENIA, BARRANQUILLA, BOGOTA, BUCARAMANGA, BUENAVENTURA, CALI, CARTAGENA, CUCUTA, DUITAMA, IBAGUE, IPIALES, MANIZALES, MEDELLIN, NEIVA, PASTO, PEREIRA, POPAYAN, SANTAMARTA, TUMACO, VILLAVICENCIO, YOPAL)
VALUES ('YOPAL',104334 , 158151 , 57175 , 80227 , 144990 , 127728 , 151009 , 114244 , 24742 , 90580 , 212646 , 103140 , 116767 , 105291 , 197872 , 109656 , 152692 , 151010 , 248919 , 29438 , 0);









DROP TABLE IF EXISTS doble_troque CASCADE;
CREATE TABLE doble_troque(
	origen VARCHAR(80) PRIMARY KEY UNIQUE,
	ARMENIA DOUBLE PRECISION UNIQUE,
	BARRANQUILLA DOUBLE PRECISION UNIQUE,
	BOGOTA DOUBLE PRECISION UNIQUE,
	BUCARAMANGA DOUBLE PRECISION UNIQUE,
	BUENAVENTURA DOUBLE PRECISION UNIQUE,
	CALI DOUBLE PRECISION UNIQUE,
	CARTAGENA DOUBLE PRECISION UNIQUE,
	CUCUTA DOUBLE PRECISION UNIQUE,
	DUITAMA DOUBLE PRECISION UNIQUE,
	IBAGUE DOUBLE PRECISION UNIQUE,
	IPIALES DOUBLE PRECISION UNIQUE,
	MANIZALES DOUBLE PRECISION UNIQUE, 
	MEDELLIN DOUBLE PRECISION UNIQUE,
	NEIVA DOUBLE PRECISION UNIQUE,
	PASTO DOUBLE PRECISION UNIQUE,
	PEREIRA DOUBLE PRECISION UNIQUE,
	POPAYAN DOUBLE PRECISION UNIQUE,
	SANTAMARTA DOUBLE PRECISION UNIQUE,
	TUMACO DOUBLE PRECISION UNIQUE,
	VILLAVICENCIO DOUBLE PRECISION UNIQUE,
	YOPAL DOUBLE PRECISION UNIQUE
);

INSERT INTO doble_troque(
    origen,
	ARMENIA,
	BARRANQUILLA,
	BOGOTA,
	BUCARAMANGA,
	BUENAVENTURA,
	CALI,
	CARTAGENA,
	CUCUTA,
	DUITAMA,
	IBAGUE,
	IPIALES,
	MANIZALES,
	MEDELLIN,
	NEIVA,
	PASTO,
	PEREIRA,
	POPAYAN,
	SANTAMARTA,
	TUMACO,
	VILLAVICENCIO,
	YOPAL
) VALUES (
    'ARMENIA', 0 , 196520 , 68046 , 120977 , 49411 , 33310 , 190172 , 172806 , 123761 , 21463 , 147253 , 21964 , 71684 , 60705 , 124133 , 9268 , 64385 , 193558 , 187375 , 103388 , 146724);

INSERT INTO doble_troque(
    origen, ARMENIA, BARRANQUILLA, BOGOTA, BUCARAMANGA, BUENAVENTURA, CALI, CARTAGENA, CUCUTA, DUITAMA, IBAGUE, IPIALES, MANIZALES, MEDELLIN, NEIVA, PASTO, PEREIRA, POPAYAN, SANTAMARTA, TUMACO, VILLAVICENCIO, YOPAL)
VALUES ('BARRANQUILLA',196520 , 0 , 182155 , 110800 , 238299 , 222219 , 18481 , 128170 , 191918 , 188787 , 333586 , 173444 , 135732 , 219920 , 312734 , 179545 , 249624 , 16905 , 369894 , 218544 , 224996);      

INSERT INTO doble_troque(
    origen, ARMENIA, BARRANQUILLA, BOGOTA, BUCARAMANGA, BUENAVENTURA, CALI, CARTAGENA, CUCUTA, DUITAMA, IBAGUE, IPIALES, MANIZALES, MEDELLIN, NEIVA, PASTO, PEREIRA, POPAYAN, SANTAMARTA, TUMACO, VILLAVICENCIO, YOPAL)
VALUES ('BOGOTA',68046 , 183517 , 0 , 76282 , 118180 , 101807 , 181663 , 125756 , 48891 , 41178 , 214230 , 66484 , 85090 , 62038 , 193214 , 74066 , 131318 , 172562 , 258443 , 28522 , 80820);

INSERT INTO doble_troque(
    origen, ARMENIA, BARRANQUILLA, BOGOTA, BUCARAMANGA, BUENAVENTURA, CALI, CARTAGENA, CUCUTA, DUITAMA, IBAGUE, IPIALES, MANIZALES, MEDELLIN, NEIVA, PASTO, PEREIRA, POPAYAN, SANTAMARTA, TUMACO, VILLAVICENCIO, YOPAL)
VALUES ('BUCARAMANGA',120977 , 110800 , 74374 , 0 , 175281 , 156545 , 116163 , 46393 , 79579 , 98338 , 273039 , 105639 , 93224 , 144324 , 252049 , 115256 , 174944 , 95110 , 296340 , 114941 , 114304);

INSERT INTO doble_troque(
    origen, ARMENIA, BARRANQUILLA, BOGOTA, BUCARAMANGA, BUENAVENTURA, CALI, CARTAGENA, CUCUTA, DUITAMA, IBAGUE, IPIALES, MANIZALES, MEDELLIN, NEIVA, PASTO, PEREIRA, POPAYAN, SANTAMARTA, TUMACO, VILLAVICENCIO, YOPAL)
VALUES ('BUENAVENTURA',49411 , 239396 , 118180 , 175281 , 0 , 34025 , 225330 , 222939 , 173931 , 71863 , 148367 , 68741 , 110797 , 112288 , 127501 , 53757 , 62705 , 241595 , 190401 , 153352 , 204583);

INSERT INTO doble_troque(
    origen, ARMENIA, BARRANQUILLA, BOGOTA, BUCARAMANGA, BUENAVENTURA, CALI, CARTAGENA, CUCUTA, DUITAMA, IBAGUE, IPIALES, MANIZALES, MEDELLIN, NEIVA, PASTO, PEREIRA, POPAYAN, SANTAMARTA, TUMACO, VILLAVICENCIO, YOPAL)
VALUES ('CALI',33310 , 222219 , 101807 , 156545 , 34025 , 0 , 215776 , 206249 , 159813 , 55920 , 111038 , 52612 , 95107 , 70127 , 90137 , 37848 , 22339 , 223962 , 149836 , 137169 , 179308);

INSERT INTO doble_troque(
    origen, ARMENIA, BARRANQUILLA, BOGOTA, BUCARAMANGA, BUENAVENTURA, CALI, CARTAGENA, CUCUTA, DUITAMA, IBAGUE, IPIALES, MANIZALES, MEDELLIN, NEIVA, PASTO, PEREIRA, POPAYAN, SANTAMARTA, TUMACO, VILLAVICENCIO, YOPAL)
VALUES ('CARTAGENA',190172 , 18481 , 180301 , 116163 , 225330 , 215776 , 0 , 127562 , 192720 , 178940 , 327244 , 167038 , 129311 , 210347 , 306388 , 173064 , 246505 , 36978 , 378913 , 215422 , 212244);        

INSERT INTO doble_troque(
    origen, ARMENIA, BARRANQUILLA, BOGOTA, BUCARAMANGA, BUENAVENTURA, CALI, CARTAGENA, CUCUTA, DUITAMA, IBAGUE, IPIALES, MANIZALES, MEDELLIN, NEIVA, PASTO, PEREIRA, POPAYAN, SANTAMARTA, TUMACO, VILLAVICENCIO, YOPAL)
VALUES ('CUCUTA',172806 , 122509 , 123849 , 46393 , 222939 , 206249 , 127562 , 0 , 125373 , 148594 , 321538 , 156567 , 129942 , 194132 , 300564 , 164981 , 220717 , 111476 , 346070 , 164265 , 162944);

INSERT INTO doble_troque(
    origen, ARMENIA, BARRANQUILLA, BOGOTA, BUCARAMANGA, BUENAVENTURA, CALI, CARTAGENA, CUCUTA, DUITAMA, IBAGUE, IPIALES, MANIZALES, MEDELLIN, NEIVA, PASTO, PEREIRA, POPAYAN, SANTAMARTA, TUMACO, VILLAVICENCIO, YOPAL)
VALUES ('DUITAMA',123178 , 191918 , 34143 , 79579 , 173348 , 159230 , 191395 , 125373 , 0 , 86012 , 260336 , 107311 , 121671 , 120613 , 232630 , 118117 , 174897 , 176146 , 293368 , 74251 , 35062);

INSERT INTO doble_troque(
    origen, ARMENIA, BARRANQUILLA, BOGOTA, BUCARAMANGA, BUENAVENTURA, CALI, CARTAGENA, CUCUTA, DUITAMA, IBAGUE, IPIALES, MANIZALES, MEDELLIN, NEIVA, PASTO, PEREIRA, POPAYAN, SANTAMARTA, TUMACO, VILLAVICENCIO, YOPAL)
VALUES ('IBAGUE',21463 , 192715 , 41178 , 98338 , 71863 , 55920 , 182846 , 148594 , 86595 , 0 , 167963 , 44518 , 91850 , 34596 , 147043 , 32006 , 81241 , 165921 , 210198 , 76356 , 127358);

INSERT INTO doble_troque(
    origen, ARMENIA, BARRANQUILLA, BOGOTA, BUCARAMANGA, BUENAVENTURA, CALI, CARTAGENA, CUCUTA, DUITAMA, IBAGUE, IPIALES, MANIZALES, MEDELLIN, NEIVA, PASTO, PEREIRA, POPAYAN, SANTAMARTA, TUMACO, VILLAVICENCIO, YOPAL)
VALUES ('IPIALES',147253 , 340360 , 214230 , 273039 , 148367 , 111038 , 327244 , 321538 , 260918 , 167963 , 0 , 168795 , 206975 , 126344 , 19601 , 149342 , 70635 , 347491 , 43724 , 249520 , 300757);

INSERT INTO doble_troque(
    origen, ARMENIA, BARRANQUILLA, BOGOTA, BUCARAMANGA, BUENAVENTURA, CALI, CARTAGENA, CUCUTA, DUITAMA, IBAGUE, IPIALES, MANIZALES, MEDELLIN, NEIVA, PASTO, PEREIRA, POPAYAN, SANTAMARTA, TUMACO, VILLAVICENCIO, YOPAL)
VALUES ('MANIZALES',21964 , 173444 , 65122 , 105639 , 68741 , 52612 , 167038 , 156567 , 106532 , 44518 , 168795 , 0 , 46213 , 86111 , 148264 , 11920 , 85767 , 171023 , 208432 , 82000 , 145600);

INSERT INTO doble_troque(
    origen, ARMENIA, BARRANQUILLA, BOGOTA, BUCARAMANGA, BUENAVENTURA, CALI, CARTAGENA, CUCUTA, DUITAMA, IBAGUE, IPIALES, MANIZALES, MEDELLIN, NEIVA, PASTO, PEREIRA, POPAYAN, SANTAMARTA, TUMACO, VILLAVICENCIO, YOPAL)
VALUES ('MEDELLIN',71684 , 135732 , 83727 , 93224 , 110797 , 95107 , 129311 , 129942 , 120891 , 91850 , 206975 , 46213 , 0 , 104731 , 186105 , 51218 , 126690 , 157319 , 258348 , 117861 , 164631);

INSERT INTO doble_troque(
    origen, ARMENIA, BARRANQUILLA, BOGOTA, BUCARAMANGA, BUENAVENTURA, CALI, CARTAGENA, CUCUTA, DUITAMA, IBAGUE, IPIALES, MANIZALES, MEDELLIN, NEIVA, PASTO, PEREIRA, POPAYAN, SANTAMARTA, TUMACO, VILLAVICENCIO, YOPAL)
VALUES ('NEIVA',60705 , 219920 , 62038 , 146231 , 112288 , 70127 , 210347 , 196040 , 121195 , 34596 , 126344 , 86111 , 104731 , 0 , 106422 , 70692 , 51427 , 200304 , 179363 , 97280 , 148072 );

INSERT INTO doble_troque(
    origen, ARMENIA, BARRANQUILLA, BOGOTA, BUCARAMANGA, BUENAVENTURA, CALI, CARTAGENA, CUCUTA, DUITAMA, IBAGUE, IPIALES, MANIZALES, MEDELLIN, NEIVA, PASTO, PEREIRA, POPAYAN, SANTAMARTA, TUMACO, VILLAVICENCIO, YOPAL)
VALUES ('PASTO',124133 , 312734 , 193214 , 252049 , 127501 , 90137 , 306388 , 300564 , 233213 , 147043 , 19601 , 148264 , 186105 , 106422 , 0 , 128426 , 49809 , 326619 , 61996 , 228547 , 279672);

INSERT INTO doble_troque(
    origen, ARMENIA, BARRANQUILLA, BOGOTA, BUCARAMANGA, BUENAVENTURA, CALI, CARTAGENA, CUCUTA, DUITAMA, IBAGUE, IPIALES, MANIZALES, MEDELLIN, NEIVA, PASTO, PEREIRA, POPAYAN, SANTAMARTA, TUMACO, VILLAVICENCIO, YOPAL)
VALUES ('PEREIRA',9268 , 179545 , 72703 , 115256 , 53757 , 37848 , 173064 , 164981 , 117337 , 32006 , 149342 , 11920 , 51218 , 70692 , 128426 , 0 , 70961 , 184294 , 188292 , 107368 , 145520);

INSERT INTO doble_troque(
    origen, ARMENIA, BARRANQUILLA, BOGOTA, BUCARAMANGA, BUENAVENTURA, CALI, CARTAGENA, CUCUTA, DUITAMA, IBAGUE, IPIALES, MANIZALES, MEDELLIN, NEIVA, PASTO, PEREIRA, POPAYAN, SANTAMARTA, TUMACO, VILLAVICENCIO, YOPAL)
VALUES ('POPAYAN',64385 , 249624 , 131318 , 174944 , 62705 , 22339 , 246505 , 220717 , 175480 , 81241 , 70635 , 85767 , 126690 , 51427 , 49809 , 70961 , 0 , 277756 , 120581 , 170001 , 215076);

INSERT INTO doble_troque(
    origen, ARMENIA, BARRANQUILLA, BOGOTA, BUCARAMANGA, BUENAVENTURA, CALI, CARTAGENA, CUCUTA, DUITAMA, IBAGUE, IPIALES, MANIZALES, MEDELLIN, NEIVA, PASTO, PEREIRA, POPAYAN, SANTAMARTA, TUMACO, VILLAVICENCIO, YOPAL)
VALUES ('SANTAMARTA',193558 , 16905 , 171199 , 95110 , 241595 , 223962 , 36978 , 111476 , 176146 , 164255 , 345825 , 169358 , 157319 , 200304 , 325007 , 184294 , 271224 , 0 , 398856 , 207604 , 213859);      

INSERT INTO doble_troque(
    origen, ARMENIA, BARRANQUILLA, BOGOTA, BUCARAMANGA, BUENAVENTURA, CALI, CARTAGENA, CUCUTA, DUITAMA, IBAGUE, IPIALES, MANIZALES, MEDELLIN, NEIVA, PASTO, PEREIRA, POPAYAN, SANTAMARTA, TUMACO, VILLAVICENCIO, YOPAL)
VALUES ('TUMACO',187375 , 369894 , 258443 , 296340 , 190401 , 149836 , 378913 , 346070 , 293951 , 210198 , 43724 , 208432 , 258348 , 179363 , 61996 , 188292 , 120581 , 398856 , 0 , 301398 , 352729);        

INSERT INTO doble_troque(
    origen, ARMENIA, BARRANQUILLA, BOGOTA, BUCARAMANGA, BUENAVENTURA, CALI, CARTAGENA, CUCUTA, DUITAMA, IBAGUE, IPIALES, MANIZALES, MEDELLIN, NEIVA, PASTO, PEREIRA, POPAYAN, SANTAMARTA, TUMACO, VILLAVICENCIO, YOPAL)
VALUES ('VILLAVICENCIO',103388 , 219906 , 28522 , 116848 , 153352 , 137169 , 216785 , 166172 , 74834 , 76356 , 249520 , 83363 , 119223 , 97280 , 228547 , 108730 , 170001 , 208967 , 301398 , 0 , 40781);

INSERT INTO doble_troque(
    origen, ARMENIA, BARRANQUILLA, BOGOTA, BUCARAMANGA, BUENAVENTURA, CALI, CARTAGENA, CUCUTA, DUITAMA, IBAGUE, IPIALES, MANIZALES, MEDELLIN, NEIVA, PASTO, PEREIRA, POPAYAN, SANTAMARTA, TUMACO, VILLAVICENCIO, YOPAL)
VALUES ('YOPAL',146724 , 224996 , 80820 , 114304 , 204583 , 179308 , 212244 , 162944 , 35062 , 127358 , 300757 , 146379 , 165411 , 148072 , 279672 , 154974 , 215076 , 213859 , 352729 , 40781 , 0);









DROP TABLE IF EXISTS tractocamion CASCADE;
CREATE TABLE tractocamion(
	origen VARCHAR(80) PRIMARY KEY UNIQUE,
	ARMENIA DOUBLE PRECISION UNIQUE,
	BARRANQUILLA DOUBLE PRECISION UNIQUE,
	BOGOTA DOUBLE PRECISION UNIQUE,
	BUCARAMANGA DOUBLE PRECISION UNIQUE,
	BUENAVENTURA DOUBLE PRECISION UNIQUE,
	CALI DOUBLE PRECISION UNIQUE,
	CARTAGENA DOUBLE PRECISION UNIQUE,
	CUCUTA DOUBLE PRECISION UNIQUE,
	DUITAMA DOUBLE PRECISION UNIQUE,
	IBAGUE DOUBLE PRECISION UNIQUE,
	IPIALES DOUBLE PRECISION UNIQUE,
	MANIZALES DOUBLE PRECISION UNIQUE, 
	MEDELLIN DOUBLE PRECISION UNIQUE,
	NEIVA DOUBLE PRECISION UNIQUE,
	PASTO DOUBLE PRECISION UNIQUE,
	PEREIRA DOUBLE PRECISION UNIQUE,
	POPAYAN DOUBLE PRECISION UNIQUE,
	SANTAMARTA DOUBLE PRECISION UNIQUE,
	TUMACO DOUBLE PRECISION UNIQUE,
	VILLAVICENCIO DOUBLE PRECISION UNIQUE,
	YOPAL DOUBLE PRECISION UNIQUE
);

INSERT INTO camion_sencillo(
    origen,
	ARMENIA,
	BARRANQUILLA,
	BOGOTA,
	BUCARAMANGA,
	BUENAVENTURA,
	CALI,
	CARTAGENA,
	CUCUTA,
	DUITAMA,
	IBAGUE,
	IPIALES,
	MANIZALES,
	MEDELLIN,
	NEIVA,
	PASTO,
	PEREIRA,
	POPAYAN,
	SANTAMARTA,
	TUMACO,
	VILLAVICENCIO,
	YOPAL
) VALUES (
    'ARMENIA',);

INSERT INTO camion_sencillo(
    origen, ARMENIA, BARRANQUILLA, BOGOTA, BUCARAMANGA, BUENAVENTURA, CALI, CARTAGENA, CUCUTA, DUITAMA, IBAGUE, IPIALES, MANIZALES, MEDELLIN, NEIVA, PASTO, PEREIRA, POPAYAN, SANTAMARTA, TUMACO, VILLAVICENCIO, YOPAL)
VALUES ('BARRANQUILLA',);      

INSERT INTO camion_sencillo(
    origen, ARMENIA, BARRANQUILLA, BOGOTA, BUCARAMANGA, BUENAVENTURA, CALI, CARTAGENA, CUCUTA, DUITAMA, IBAGUE, IPIALES, MANIZALES, MEDELLIN, NEIVA, PASTO, PEREIRA, POPAYAN, SANTAMARTA, TUMACO, VILLAVICENCIO, YOPAL)
VALUES ('BOGOTA',);

INSERT INTO camion_sencillo(
    origen, ARMENIA, BARRANQUILLA, BOGOTA, BUCARAMANGA, BUENAVENTURA, CALI, CARTAGENA, CUCUTA, DUITAMA, IBAGUE, IPIALES, MANIZALES, MEDELLIN, NEIVA, PASTO, PEREIRA, POPAYAN, SANTAMARTA, TUMACO, VILLAVICENCIO, YOPAL)
VALUES ('BUCARAMANGA',);

INSERT INTO camion_sencillo(
    origen, ARMENIA, BARRANQUILLA, BOGOTA, BUCARAMANGA, BUENAVENTURA, CALI, CARTAGENA, CUCUTA, DUITAMA, IBAGUE, IPIALES, MANIZALES, MEDELLIN, NEIVA, PASTO, PEREIRA, POPAYAN, SANTAMARTA, TUMACO, VILLAVICENCIO, YOPAL)
VALUES ('BUENAVENTURA',);

INSERT INTO camion_sencillo(
    origen, ARMENIA, BARRANQUILLA, BOGOTA, BUCARAMANGA, BUENAVENTURA, CALI, CARTAGENA, CUCUTA, DUITAMA, IBAGUE, IPIALES, MANIZALES, MEDELLIN, NEIVA, PASTO, PEREIRA, POPAYAN, SANTAMARTA, TUMACO, VILLAVICENCIO, YOPAL)
VALUES ('CALI',);

INSERT INTO camion_sencillo(
    origen, ARMENIA, BARRANQUILLA, BOGOTA, BUCARAMANGA, BUENAVENTURA, CALI, CARTAGENA, CUCUTA, DUITAMA, IBAGUE, IPIALES, MANIZALES, MEDELLIN, NEIVA, PASTO, PEREIRA, POPAYAN, SANTAMARTA, TUMACO, VILLAVICENCIO, YOPAL)
VALUES ('CARTAGENA',);        

INSERT INTO camion_sencillo(
    origen, ARMENIA, BARRANQUILLA, BOGOTA, BUCARAMANGA, BUENAVENTURA, CALI, CARTAGENA, CUCUTA, DUITAMA, IBAGUE, IPIALES, MANIZALES, MEDELLIN, NEIVA, PASTO, PEREIRA, POPAYAN, SANTAMARTA, TUMACO, VILLAVICENCIO, YOPAL)
VALUES ('CUCUTA',);

INSERT INTO camion_sencillo(
    origen, ARMENIA, BARRANQUILLA, BOGOTA, BUCARAMANGA, BUENAVENTURA, CALI, CARTAGENA, CUCUTA, DUITAMA, IBAGUE, IPIALES, MANIZALES, MEDELLIN, NEIVA, PASTO, PEREIRA, POPAYAN, SANTAMARTA, TUMACO, VILLAVICENCIO, YOPAL)
VALUES ('DUITAMA',);

INSERT INTO camion_sencillo(
    origen, ARMENIA, BARRANQUILLA, BOGOTA, BUCARAMANGA, BUENAVENTURA, CALI, CARTAGENA, CUCUTA, DUITAMA, IBAGUE, IPIALES, MANIZALES, MEDELLIN, NEIVA, PASTO, PEREIRA, POPAYAN, SANTAMARTA, TUMACO, VILLAVICENCIO, YOPAL)
VALUES ('IBAGUE',);

INSERT INTO camion_sencillo(
    origen, ARMENIA, BARRANQUILLA, BOGOTA, BUCARAMANGA, BUENAVENTURA, CALI, CARTAGENA, CUCUTA, DUITAMA, IBAGUE, IPIALES, MANIZALES, MEDELLIN, NEIVA, PASTO, PEREIRA, POPAYAN, SANTAMARTA, TUMACO, VILLAVICENCIO, YOPAL)
VALUES ('IPIALES',);

INSERT INTO camion_sencillo(
    origen, ARMENIA, BARRANQUILLA, BOGOTA, BUCARAMANGA, BUENAVENTURA, CALI, CARTAGENA, CUCUTA, DUITAMA, IBAGUE, IPIALES, MANIZALES, MEDELLIN, NEIVA, PASTO, PEREIRA, POPAYAN, SANTAMARTA, TUMACO, VILLAVICENCIO, YOPAL)
VALUES ('MANIZALES',);

INSERT INTO camion_sencillo(
    origen, ARMENIA, BARRANQUILLA, BOGOTA, BUCARAMANGA, BUENAVENTURA, CALI, CARTAGENA, CUCUTA, DUITAMA, IBAGUE, IPIALES, MANIZALES, MEDELLIN, NEIVA, PASTO, PEREIRA, POPAYAN, SANTAMARTA, TUMACO, VILLAVICENCIO, YOPAL)
VALUES ('MEDELLIN',);

INSERT INTO camion_sencillo(
    origen, ARMENIA, BARRANQUILLA, BOGOTA, BUCARAMANGA, BUENAVENTURA, CALI, CARTAGENA, CUCUTA, DUITAMA, IBAGUE, IPIALES, MANIZALES, MEDELLIN, NEIVA, PASTO, PEREIRA, POPAYAN, SANTAMARTA, TUMACO, VILLAVICENCIO, YOPAL)
VALUES ('NEIVA',);

INSERT INTO camion_sencillo(
    origen, ARMENIA, BARRANQUILLA, BOGOTA, BUCARAMANGA, BUENAVENTURA, CALI, CARTAGENA, CUCUTA, DUITAMA, IBAGUE, IPIALES, MANIZALES, MEDELLIN, NEIVA, PASTO, PEREIRA, POPAYAN, SANTAMARTA, TUMACO, VILLAVICENCIO, YOPAL)
VALUES ('PASTO',);

INSERT INTO camion_sencillo(
    origen, ARMENIA, BARRANQUILLA, BOGOTA, BUCARAMANGA, BUENAVENTURA, CALI, CARTAGENA, CUCUTA, DUITAMA, IBAGUE, IPIALES, MANIZALES, MEDELLIN, NEIVA, PASTO, PEREIRA, POPAYAN, SANTAMARTA, TUMACO, VILLAVICENCIO, YOPAL)
VALUES ('PEREIRA',);

INSERT INTO camion_sencillo(
    origen, ARMENIA, BARRANQUILLA, BOGOTA, BUCARAMANGA, BUENAVENTURA, CALI, CARTAGENA, CUCUTA, DUITAMA, IBAGUE, IPIALES, MANIZALES, MEDELLIN, NEIVA, PASTO, PEREIRA, POPAYAN, SANTAMARTA, TUMACO, VILLAVICENCIO, YOPAL)
VALUES ('POPAYAN',);

INSERT INTO camion_sencillo(
    origen, ARMENIA, BARRANQUILLA, BOGOTA, BUCARAMANGA, BUENAVENTURA, CALI, CARTAGENA, CUCUTA, DUITAMA, IBAGUE, IPIALES, MANIZALES, MEDELLIN, NEIVA, PASTO, PEREIRA, POPAYAN, SANTAMARTA, TUMACO, VILLAVICENCIO, YOPAL)
VALUES ('SANTAMARTA',);      

INSERT INTO camion_sencillo(
    origen, ARMENIA, BARRANQUILLA, BOGOTA, BUCARAMANGA, BUENAVENTURA, CALI, CARTAGENA, CUCUTA, DUITAMA, IBAGUE, IPIALES, MANIZALES, MEDELLIN, NEIVA, PASTO, PEREIRA, POPAYAN, SANTAMARTA, TUMACO, VILLAVICENCIO, YOPAL)
VALUES ('TUMACO',);        

INSERT INTO camion_sencillo(
    origen, ARMENIA, BARRANQUILLA, BOGOTA, BUCARAMANGA, BUENAVENTURA, CALI, CARTAGENA, CUCUTA, DUITAMA, IBAGUE, IPIALES, MANIZALES, MEDELLIN, NEIVA, PASTO, PEREIRA, POPAYAN, SANTAMARTA, TUMACO, VILLAVICENCIO, YOPAL)
VALUES ('VILLAVICENCIO',);

INSERT INTO camion_sencillo(
    origen, ARMENIA, BARRANQUILLA, BOGOTA, BUCARAMANGA, BUENAVENTURA, CALI, CARTAGENA, CUCUTA, DUITAMA, IBAGUE, IPIALES, MANIZALES, MEDELLIN, NEIVA, PASTO, PEREIRA, POPAYAN, SANTAMARTA, TUMACO, VILLAVICENCIO, YOPAL)
VALUES ('YOPAL',);









DROP TABLE IF EXISTS tractocamion CASCADE;
CREATE TABLE tractocamion(
	origen VARCHAR(80) PRIMARY KEY UNIQUE,
	ARMENIA DOUBLE PRECISION UNIQUE,
	BARRANQUILLA DOUBLE PRECISION UNIQUE,
	BOGOTA DOUBLE PRECISION UNIQUE,
	BUCARAMANGA DOUBLE PRECISION UNIQUE,
	BUENAVENTURA DOUBLE PRECISION UNIQUE,
	CALI DOUBLE PRECISION UNIQUE,
	CARTAGENA DOUBLE PRECISION UNIQUE,
	CUCUTA DOUBLE PRECISION UNIQUE,
	DUITAMA DOUBLE PRECISION UNIQUE,
	IBAGUE DOUBLE PRECISION UNIQUE,
	IPIALES DOUBLE PRECISION UNIQUE,
	MANIZALES DOUBLE PRECISION UNIQUE, 
	MEDELLIN DOUBLE PRECISION UNIQUE,
	NEIVA DOUBLE PRECISION UNIQUE,
	PASTO DOUBLE PRECISION UNIQUE,
	PEREIRA DOUBLE PRECISION UNIQUE,
	POPAYAN DOUBLE PRECISION UNIQUE,
	SANTAMARTA DOUBLE PRECISION UNIQUE,
	TUMACO DOUBLE PRECISION UNIQUE,
	VILLAVICENCIO DOUBLE PRECISION UNIQUE,
	YOPAL DOUBLE PRECISION UNIQUE
);

INSERT INTO camion_sencillo(
    origen,
	ARMENIA,
	BARRANQUILLA,
	BOGOTA,
	BUCARAMANGA,
	BUENAVENTURA,
	CALI,
	CARTAGENA,
	CUCUTA,
	DUITAMA,
	IBAGUE,
	IPIALES,
	MANIZALES,
	MEDELLIN,
	NEIVA,
	PASTO,
	PEREIRA,
	POPAYAN,
	SANTAMARTA,
	TUMACO,
	VILLAVICENCIO,
	YOPAL
) VALUES (
    'ARMENIA',);

INSERT INTO camion_sencillo(
    origen, ARMENIA, BARRANQUILLA, BOGOTA, BUCARAMANGA, BUENAVENTURA, CALI, CARTAGENA, CUCUTA, DUITAMA, IBAGUE, IPIALES, MANIZALES, MEDELLIN, NEIVA, PASTO, PEREIRA, POPAYAN, SANTAMARTA, TUMACO, VILLAVICENCIO, YOPAL)
VALUES ('BARRANQUILLA',);      

INSERT INTO camion_sencillo(
    origen, ARMENIA, BARRANQUILLA, BOGOTA, BUCARAMANGA, BUENAVENTURA, CALI, CARTAGENA, CUCUTA, DUITAMA, IBAGUE, IPIALES, MANIZALES, MEDELLIN, NEIVA, PASTO, PEREIRA, POPAYAN, SANTAMARTA, TUMACO, VILLAVICENCIO, YOPAL)
VALUES ('BOGOTA',);

INSERT INTO camion_sencillo(
    origen, ARMENIA, BARRANQUILLA, BOGOTA, BUCARAMANGA, BUENAVENTURA, CALI, CARTAGENA, CUCUTA, DUITAMA, IBAGUE, IPIALES, MANIZALES, MEDELLIN, NEIVA, PASTO, PEREIRA, POPAYAN, SANTAMARTA, TUMACO, VILLAVICENCIO, YOPAL)
VALUES ('BUCARAMANGA',);

INSERT INTO camion_sencillo(
    origen, ARMENIA, BARRANQUILLA, BOGOTA, BUCARAMANGA, BUENAVENTURA, CALI, CARTAGENA, CUCUTA, DUITAMA, IBAGUE, IPIALES, MANIZALES, MEDELLIN, NEIVA, PASTO, PEREIRA, POPAYAN, SANTAMARTA, TUMACO, VILLAVICENCIO, YOPAL)
VALUES ('BUENAVENTURA',);

INSERT INTO camion_sencillo(
    origen, ARMENIA, BARRANQUILLA, BOGOTA, BUCARAMANGA, BUENAVENTURA, CALI, CARTAGENA, CUCUTA, DUITAMA, IBAGUE, IPIALES, MANIZALES, MEDELLIN, NEIVA, PASTO, PEREIRA, POPAYAN, SANTAMARTA, TUMACO, VILLAVICENCIO, YOPAL)
VALUES ('CALI',);

INSERT INTO camion_sencillo(
    origen, ARMENIA, BARRANQUILLA, BOGOTA, BUCARAMANGA, BUENAVENTURA, CALI, CARTAGENA, CUCUTA, DUITAMA, IBAGUE, IPIALES, MANIZALES, MEDELLIN, NEIVA, PASTO, PEREIRA, POPAYAN, SANTAMARTA, TUMACO, VILLAVICENCIO, YOPAL)
VALUES ('CARTAGENA',);        

INSERT INTO camion_sencillo(
    origen, ARMENIA, BARRANQUILLA, BOGOTA, BUCARAMANGA, BUENAVENTURA, CALI, CARTAGENA, CUCUTA, DUITAMA, IBAGUE, IPIALES, MANIZALES, MEDELLIN, NEIVA, PASTO, PEREIRA, POPAYAN, SANTAMARTA, TUMACO, VILLAVICENCIO, YOPAL)
VALUES ('CUCUTA',);

INSERT INTO camion_sencillo(
    origen, ARMENIA, BARRANQUILLA, BOGOTA, BUCARAMANGA, BUENAVENTURA, CALI, CARTAGENA, CUCUTA, DUITAMA, IBAGUE, IPIALES, MANIZALES, MEDELLIN, NEIVA, PASTO, PEREIRA, POPAYAN, SANTAMARTA, TUMACO, VILLAVICENCIO, YOPAL)
VALUES ('DUITAMA',);

INSERT INTO camion_sencillo(
    origen, ARMENIA, BARRANQUILLA, BOGOTA, BUCARAMANGA, BUENAVENTURA, CALI, CARTAGENA, CUCUTA, DUITAMA, IBAGUE, IPIALES, MANIZALES, MEDELLIN, NEIVA, PASTO, PEREIRA, POPAYAN, SANTAMARTA, TUMACO, VILLAVICENCIO, YOPAL)
VALUES ('IBAGUE',);

INSERT INTO camion_sencillo(
    origen, ARMENIA, BARRANQUILLA, BOGOTA, BUCARAMANGA, BUENAVENTURA, CALI, CARTAGENA, CUCUTA, DUITAMA, IBAGUE, IPIALES, MANIZALES, MEDELLIN, NEIVA, PASTO, PEREIRA, POPAYAN, SANTAMARTA, TUMACO, VILLAVICENCIO, YOPAL)
VALUES ('IPIALES',);

INSERT INTO camion_sencillo(
    origen, ARMENIA, BARRANQUILLA, BOGOTA, BUCARAMANGA, BUENAVENTURA, CALI, CARTAGENA, CUCUTA, DUITAMA, IBAGUE, IPIALES, MANIZALES, MEDELLIN, NEIVA, PASTO, PEREIRA, POPAYAN, SANTAMARTA, TUMACO, VILLAVICENCIO, YOPAL)
VALUES ('MANIZALES',);

INSERT INTO camion_sencillo(
    origen, ARMENIA, BARRANQUILLA, BOGOTA, BUCARAMANGA, BUENAVENTURA, CALI, CARTAGENA, CUCUTA, DUITAMA, IBAGUE, IPIALES, MANIZALES, MEDELLIN, NEIVA, PASTO, PEREIRA, POPAYAN, SANTAMARTA, TUMACO, VILLAVICENCIO, YOPAL)
VALUES ('MEDELLIN',);

INSERT INTO camion_sencillo(
    origen, ARMENIA, BARRANQUILLA, BOGOTA, BUCARAMANGA, BUENAVENTURA, CALI, CARTAGENA, CUCUTA, DUITAMA, IBAGUE, IPIALES, MANIZALES, MEDELLIN, NEIVA, PASTO, PEREIRA, POPAYAN, SANTAMARTA, TUMACO, VILLAVICENCIO, YOPAL)
VALUES ('NEIVA',);

INSERT INTO camion_sencillo(
    origen, ARMENIA, BARRANQUILLA, BOGOTA, BUCARAMANGA, BUENAVENTURA, CALI, CARTAGENA, CUCUTA, DUITAMA, IBAGUE, IPIALES, MANIZALES, MEDELLIN, NEIVA, PASTO, PEREIRA, POPAYAN, SANTAMARTA, TUMACO, VILLAVICENCIO, YOPAL)
VALUES ('PASTO',);

INSERT INTO camion_sencillo(
    origen, ARMENIA, BARRANQUILLA, BOGOTA, BUCARAMANGA, BUENAVENTURA, CALI, CARTAGENA, CUCUTA, DUITAMA, IBAGUE, IPIALES, MANIZALES, MEDELLIN, NEIVA, PASTO, PEREIRA, POPAYAN, SANTAMARTA, TUMACO, VILLAVICENCIO, YOPAL)
VALUES ('PEREIRA',);

INSERT INTO camion_sencillo(
    origen, ARMENIA, BARRANQUILLA, BOGOTA, BUCARAMANGA, BUENAVENTURA, CALI, CARTAGENA, CUCUTA, DUITAMA, IBAGUE, IPIALES, MANIZALES, MEDELLIN, NEIVA, PASTO, PEREIRA, POPAYAN, SANTAMARTA, TUMACO, VILLAVICENCIO, YOPAL)
VALUES ('POPAYAN',);

INSERT INTO camion_sencillo(
    origen, ARMENIA, BARRANQUILLA, BOGOTA, BUCARAMANGA, BUENAVENTURA, CALI, CARTAGENA, CUCUTA, DUITAMA, IBAGUE, IPIALES, MANIZALES, MEDELLIN, NEIVA, PASTO, PEREIRA, POPAYAN, SANTAMARTA, TUMACO, VILLAVICENCIO, YOPAL)
VALUES ('SANTAMARTA',);      

INSERT INTO camion_sencillo(
    origen, ARMENIA, BARRANQUILLA, BOGOTA, BUCARAMANGA, BUENAVENTURA, CALI, CARTAGENA, CUCUTA, DUITAMA, IBAGUE, IPIALES, MANIZALES, MEDELLIN, NEIVA, PASTO, PEREIRA, POPAYAN, SANTAMARTA, TUMACO, VILLAVICENCIO, YOPAL)
VALUES ('TUMACO',);        

INSERT INTO camion_sencillo(
    origen, ARMENIA, BARRANQUILLA, BOGOTA, BUCARAMANGA, BUENAVENTURA, CALI, CARTAGENA, CUCUTA, DUITAMA, IBAGUE, IPIALES, MANIZALES, MEDELLIN, NEIVA, PASTO, PEREIRA, POPAYAN, SANTAMARTA, TUMACO, VILLAVICENCIO, YOPAL)
VALUES ('VILLAVICENCIO',);

INSERT INTO camion_sencillo(
    origen, ARMENIA, BARRANQUILLA, BOGOTA, BUCARAMANGA, BUENAVENTURA, CALI, CARTAGENA, CUCUTA, DUITAMA, IBAGUE, IPIALES, MANIZALES, MEDELLIN, NEIVA, PASTO, PEREIRA, POPAYAN, SANTAMARTA, TUMACO, VILLAVICENCIO, YOPAL)
VALUES ('YOPAL',);









DROP TABLE IF EXISTS tractocamion CASCADE;
CREATE TABLE tractocamion(
	origen VARCHAR(80) PRIMARY KEY UNIQUE,
	ARMENIA DOUBLE PRECISION UNIQUE,
	BARRANQUILLA DOUBLE PRECISION UNIQUE,
	BOGOTA DOUBLE PRECISION UNIQUE,
	BUCARAMANGA DOUBLE PRECISION UNIQUE,
	BUENAVENTURA DOUBLE PRECISION UNIQUE,
	CALI DOUBLE PRECISION UNIQUE,
	CARTAGENA DOUBLE PRECISION UNIQUE,
	CUCUTA DOUBLE PRECISION UNIQUE,
	DUITAMA DOUBLE PRECISION UNIQUE,
	IBAGUE DOUBLE PRECISION UNIQUE,
	IPIALES DOUBLE PRECISION UNIQUE,
	MANIZALES DOUBLE PRECISION UNIQUE, 
	MEDELLIN DOUBLE PRECISION UNIQUE,
	NEIVA DOUBLE PRECISION UNIQUE,
	PASTO DOUBLE PRECISION UNIQUE,
	PEREIRA DOUBLE PRECISION UNIQUE,
	POPAYAN DOUBLE PRECISION UNIQUE,
	SANTAMARTA DOUBLE PRECISION UNIQUE,
	TUMACO DOUBLE PRECISION UNIQUE,
	VILLAVICENCIO DOUBLE PRECISION UNIQUE,
	YOPAL DOUBLE PRECISION UNIQUE
);

INSERT INTO camion_sencillo(
    origen,
	ARMENIA,
	BARRANQUILLA,
	BOGOTA,
	BUCARAMANGA,
	BUENAVENTURA,
	CALI,
	CARTAGENA,
	CUCUTA,
	DUITAMA,
	IBAGUE,
	IPIALES,
	MANIZALES,
	MEDELLIN,
	NEIVA,
	PASTO,
	PEREIRA,
	POPAYAN,
	SANTAMARTA,
	TUMACO,
	VILLAVICENCIO,
	YOPAL
) VALUES (
    'ARMENIA',0 , 286443 , 98178 , 175985 , 69966 , 44869 , 277042 , 253467 , 180138 , 32016 , 212154 , 29573 , 104408 , 87391 , 177791 , 12029 , 89266 , 279240 , 272823 , 152456 , 215761);

INSERT INTO camion_sencillo(
    origen, ARMENIA, BARRANQUILLA, BOGOTA, BUCARAMANGA, BUENAVENTURA, CALI, CARTAGENA, CUCUTA, DUITAMA, IBAGUE, IPIALES, MANIZALES, MEDELLIN, NEIVA, PASTO, PEREIRA, POPAYAN, SANTAMARTA, TUMACO, VILLAVICENCIO, YOPAL)
VALUES ('BARRANQUILLA',286443 , 0 , 261010 , 158806 , 346294 , 321225 , 25953 , 183170 , 277179 , 272308 , 484478 , 253172 , 199501 , 314081 , 453661 , 262140 , 360083 , 22486 , 539382 , 316983 , 326211);      

INSERT INTO camion_sencillo(
    origen, ARMENIA, BARRANQUILLA, BOGOTA, BUCARAMANGA, BUENAVENTURA, CALI, CARTAGENA, CUCUTA, DUITAMA, IBAGUE, IPIALES, MANIZALES, MEDELLIN, NEIVA, PASTO, PEREIRA, POPAYAN, SANTAMARTA, TUMACO, VILLAVICENCIO, YOPAL)
VALUES ('BOGOTA',98178 , 262436 , 0 , 108884 , 169208 , 143683 , 258926 , 182790 , 71798 , 57959 , 308602 , 97260 , 120587 , 88309 , 277531 , 106665 , 185655 , 248814 , 375864 , 43879 , 121373);

INSERT INTO camion_sencillo(
    origen, ARMENIA, BARRANQUILLA, BOGOTA, BUCARAMANGA, BUENAVENTURA, CALI, CARTAGENA, CUCUTA, DUITAMA, IBAGUE, IPIALES, MANIZALES, MEDELLIN, NEIVA, PASTO, PEREIRA, POPAYAN, SANTAMARTA, TUMACO, VILLAVICENCIO, YOPAL)
VALUES ('BUCARAMANGA',175985 , 158806 , 106636 , 0 , 253451 , 224197 , 168432 , 69126 , 115917 , 142434 , 395533 , 154685 , 137560 , 206847 , 364498 , 167316 , 248627 , 137734 , 429655 , 168838 , 167703);

INSERT INTO camion_sencillo(
    origen, ARMENIA, BARRANQUILLA, BOGOTA, BUCARAMANGA, BUENAVENTURA, CALI, CARTAGENA, CUCUTA, DUITAMA, IBAGUE, IPIALES, MANIZALES, MEDELLIN, NEIVA, PASTO, PEREIRA, POPAYAN, SANTAMARTA, TUMACO, VILLAVICENCIO, YOPAL)
VALUES ('BUENAVENTURA',69966 , 347209 , 169208 , 253451 , 0 , 49004 , 326484 , 324490 , 251221 , 103465 , 216771 , 97316 , 160114 , 163525 , 185926 , 76339 , 89449 , 348980 , 280453 , 223215 , 299027);

INSERT INTO camion_sencillo(
    origen, ARMENIA, BARRANQUILLA, BOGOTA, BUCARAMANGA, BUENAVENTURA, CALI, CARTAGENA, CUCUTA, DUITAMA, IBAGUE, IPIALES, MANIZALES, MEDELLIN, NEIVA, PASTO, PEREIRA, POPAYAN, SANTAMARTA, TUMACO, VILLAVICENCIO, YOPAL)
VALUES ('CALI',44869 , 321225 , 143683 , 224197 , 49004 , 0 , 311680 , 298469 , 229269 , 78620 , 162808 , 72174 , 135667 , 101942 , 131912 , 51543 , 30719 , 321460 , 221366 , 197989 , 259418);

INSERT INTO camion_sencillo(
    origen, ARMENIA, BARRANQUILLA, BOGOTA, BUCARAMANGA, BUENAVENTURA, CALI, CARTAGENA, CUCUTA, DUITAMA, IBAGUE, IPIALES, MANIZALES, MEDELLIN, NEIVA, PASTO, PEREIRA, POPAYAN, SANTAMARTA, TUMACO, VILLAVICENCIO, YOPAL)
VALUES ('CARTAGENA',277042 , 25953 , 257499 , 168432 , 326484 , 311680 , 0 , 187682 , 279377 , 257423 , 475084 , 243676 , 189985 , 299625 , 444259 , 252536 , 355673 , 50806 , 553975 , 311468 , 307225);        

INSERT INTO camion_sencillo(
    origen, ARMENIA, BARRANQUILLA, BOGOTA, BUCARAMANGA, BUENAVENTURA, CALI, CARTAGENA, CUCUTA, DUITAMA, IBAGUE, IPIALES, MANIZALES, MEDELLIN, NEIVA, PASTO, PEREIRA, POPAYAN, SANTAMARTA, TUMACO, VILLAVICENCIO, YOPAL)
VALUES ('CUCUTA',53467 , 178541 , 180543 , 69126 , 324490 , 298469 , 187682 , 0 , 183987 , 217420 , 467884 , 230734 , 192079 , 281287 , 436887 , 241460 , 316665 , 164797 , 503963 , 242510 , 240285);

INSERT INTO camion_sencillo(
    origen, ARMENIA, BARRANQUILLA, BOGOTA, BUCARAMANGA, BUENAVENTURA, CALI, CARTAGENA, CUCUTA, DUITAMA, IBAGUE, IPIALES, MANIZALES, MEDELLIN, NEIVA, PASTO, PEREIRA, POPAYAN, SANTAMARTA, TUMACO, VILLAVICENCIO, YOPAL)
VALUES ('DUITAMA',178806 , 277179 , 48033 , 115917 , 249889 , 227936 , 278462 , 183987 , 0 , 122212 , 374882 , 155408 , 172063 , 173622 , 333209 , 169824 , 247926 , 255930 , 424531 , 109496 , 52260);

INSERT INTO camion_sencillo(
    origen, ARMENIA, BARRANQUILLA, BOGOTA, BUCARAMANGA, BUENAVENTURA, CALI, CARTAGENA, CUCUTA, DUITAMA, IBAGUE, IPIALES, MANIZALES, MEDELLIN, NEIVA, PASTO, PEREIRA, POPAYAN, SANTAMARTA, TUMACO, VILLAVICENCIO, YOPAL)
VALUES ('IBAGUE',32016 , 275982 , 57959 , 142434 , 103465 , 78620 , 261070 , 217420 , 123544 , 0 , 242944 , 63258 , 132987 , 48373 , 212015 , 46010 , 113899 , 239995 , 306958 , 111975 , 187421);

INSERT INTO camion_sencillo(
    origen, ARMENIA, BARRANQUILLA, BOGOTA, BUCARAMANGA, BUENAVENTURA, CALI, CARTAGENA, CUCUTA, DUITAMA, IBAGUE, IPIALES, MANIZALES, MEDELLIN, NEIVA, PASTO, PEREIRA, POPAYAN, SANTAMARTA, TUMACO, VILLAVICENCIO, YOPAL)
VALUES ('IPIALES',212154 , 490385 , 308602 , 395533 , 216771 , 162808 , 475084 , 467884 , 376215 , 242944 , 0 , 243057 , 299709 , 187296 , 28916 , 214997 , 103649 , 503762 , 65853 , 362792 , 438614);

INSERT INTO camion_sencillo(
    origen, ARMENIA, BARRANQUILLA, BOGOTA, BUCARAMANGA, BUENAVENTURA, CALI, CARTAGENA, CUCUTA, DUITAMA, IBAGUE, IPIALES, MANIZALES, MEDELLIN, NEIVA, PASTO, PEREIRA, POPAYAN, SANTAMARTA, TUMACO, VILLAVICENCIO, YOPAL)
VALUES ('MANIZALES',29573 , 253172 , 95833 , 154685 , 97316 , 72174 , 243676 , 230734 , 155314 , 63258 , 243057 , 0 , 67423 , 125868 , 212745 , 16300 , 119880 , 248763 , 302919 , 120879 , 216068);

INSERT INTO camion_sencillo(
    origen, ARMENIA, BARRANQUILLA, BOGOTA, BUCARAMANGA, BUENAVENTURA, CALI, CARTAGENA, CUCUTA, DUITAMA, IBAGUE, IPIALES, MANIZALES, MEDELLIN, NEIVA, PASTO, PEREIRA, POPAYAN, SANTAMARTA, TUMACO, VILLAVICENCIO, YOPAL)
VALUES ('MEDELLIN',104408 , 199501 , 119161 , 137560 , 160114 , 135667 , 189985 , 192079 , 171969 , 132987 , 299709 , 67423 , 0 , 146993 , 268861 , 74650 , 180887 , 229370 , 378130 , 171567 , 240072);

INSERT INTO camion_sencillo(
    origen, ARMENIA, BARRANQUILLA, BOGOTA, BUCARAMANGA, BUENAVENTURA, CALI, CARTAGENA, CUCUTA, DUITAMA, IBAGUE, IPIALES, MANIZALES, MEDELLIN, NEIVA, PASTO, PEREIRA, POPAYAN, SANTAMARTA, TUMACO, VILLAVICENCIO, YOPAL)
VALUES ('NEIVA',87391 , 314081 , 88309 , 209095 , 163525 , 101942 , 299625 , 283534 , 174954 , 48373 , 187296 , 125868 , 146993 , 0 , 157944 , 100506 , 76843 , 288030 , 268172 , 142428 , 217538);

INSERT INTO camion_sencillo(
    origen, ARMENIA, BARRANQUILLA, BOGOTA, BUCARAMANGA, BUENAVENTURA, CALI, CARTAGENA, CUCUTA, DUITAMA, IBAGUE, IPIALES, MANIZALES, MEDELLIN, NEIVA, PASTO, PEREIRA, POPAYAN, SANTAMARTA, TUMACO, VILLAVICENCIO, YOPAL)
VALUES ('PASTO',177791 , 453661 , 277531 , 364498 , 185926 , 131912 , 444259 , 436887 , 334541 , 212015 , 28916 , 212745 , 268861 , 157944 , 0 , 184078 , 72870 , 472915 , 93189 , 331783 , 407431);

INSERT INTO camion_sencillo(
    origen, ARMENIA, BARRANQUILLA, BOGOTA, BUCARAMANGA, BUENAVENTURA, CALI, CARTAGENA, CUCUTA, DUITAMA, IBAGUE, IPIALES, MANIZALES, MEDELLIN, NEIVA, PASTO, PEREIRA, POPAYAN, SANTAMARTA, TUMACO, VILLAVICENCIO, YOPAL)
VALUES ('PEREIRA',12029 , 262140 , 105238 , 167316 , 76339 , 51543 , 252536 , 241460 , 169730 , 46010 , 214997 , 16300 , 74650 , 100506 , 184078 , 0 , 99198 , 267214 , 273622 , 158484 , 213342);

INSERT INTO camion_sencillo(
    origen, ARMENIA, BARRANQUILLA, BOGOTA, BUCARAMANGA, BUENAVENTURA, CALI, CARTAGENA, CUCUTA, DUITAMA, IBAGUE, IPIALES, MANIZALES, MEDELLIN, NEIVA, PASTO, PEREIRA, POPAYAN, SANTAMARTA, TUMACO, VILLAVICENCIO, YOPAL)
VALUES ('POPAYAN',89266 , 360083 , 185655 , 248627 , 89449 , 30719 , 355673 , 316665 , 249258 , 113899 , 103649 , 119880 , 180887 , 76843 , 72870 , 99198 , 0 , 399698 , 179968 , 245207 , 311301);

INSERT INTO camion_sencillo(
    origen, ARMENIA, BARRANQUILLA, BOGOTA, BUCARAMANGA, BUENAVENTURA, CALI, CARTAGENA, CUCUTA, DUITAMA, IBAGUE, IPIALES, MANIZALES, MEDELLIN, NEIVA, PASTO, PEREIRA, POPAYAN, SANTAMARTA, TUMACO, VILLAVICENCIO, YOPAL)
VALUES ('SANTAMARTA',279240 , 22486 , 247388 , 137734 , 348980 , 321460 , 50806 , 164797 , 255930 , 238730 , 502497 , 247498 , 229370 , 288030 , 471865 , 267214 , 392835 , 0 , 582170 , 303388 , 312301);      

INSERT INTO camion_sencillo(
    origen, ARMENIA, BARRANQUILLA, BOGOTA, BUCARAMANGA, BUENAVENTURA, CALI, CARTAGENA, CUCUTA, DUITAMA, IBAGUE, IPIALES, MANIZALES, MEDELLIN, NEIVA, PASTO, PEREIRA, POPAYAN, SANTAMARTA, TUMACO, VILLAVICENCIO, YOPAL)
VALUES ('TUMACO',272823 , 539382 , 375864 , 429655 , 280453 , 221366 , 553975 , 503963 , 425863 , 306958 , 65853 , 302919 , 378130 , 268172 , 93189 , 273622 , 179968 , 582170 , 0 , 442017 , 517981);        

INSERT INTO camion_sencillo(
    origen, ARMENIA, BARRANQUILLA, BOGOTA, BUCARAMANGA, BUENAVENTURA, CALI, CARTAGENA, CUCUTA, DUITAMA, IBAGUE, IPIALES, MANIZALES, MEDELLIN, NEIVA, PASTO, PEREIRA, POPAYAN, SANTAMARTA, TUMACO, VILLAVICENCIO, YOPAL)
VALUES ('VILLAVICENCIO',152456 , 318409 , 43879 , 171086 , 223215 , 197989 , 312894 , 244757 , 110828 , 111975 , 362792 , 122306 , 172993 , 142428 , 331783 , 159910 , 245207 , 304815 , 442017 , 0 , 59429);

INSERT INTO camion_sencillo(
    origen, ARMENIA, BARRANQUILLA, BOGOTA, BUCARAMANGA, BUENAVENTURA, CALI, CARTAGENA, CUCUTA, DUITAMA, IBAGUE, IPIALES, MANIZALES, MEDELLIN, NEIVA, PASTO, PEREIRA, POPAYAN, SANTAMARTA, TUMACO, VILLAVICENCIO, YOPAL)
VALUES ('YOPAL',215761 , 326211 , 121373 , 167703 , 299027 , 259418 , 307225 , 240285 , 52260 , 187421 , 438614 , 216162 , 240166 , 217538 , 407431 , 227619 , 311301 , 312301 , 517981 , 59429 , 0);